Feature,Importance
Title_Mr,0.26708220806521654
Sex_male,0.19015104352340578
Pclass,0.11843037446927054
Fare,0.08667891367436087
Title_Miss,0.0706552688645836
Age,0.060432940546548373
FamilySize,0.05809359055516422
Title_Mrs,0.05404812923123242
SibSp,0.03573334998301146
Parch,0.015154799829608481
Embarked_S,0.014496187077948974
IsAlone,0.013951931219392923
Title_Rare,0.009722413694918126
Embarked_Q,0.005368849265337816
